page_size_kb,takes_per_second
8,10644.296224535645
16,10417.699652769854
32,10425.124912892885
64,9975.326763447341
128,5354.452319156411
256,2422.1343189953636
512,1213.5378978004321
1024,614.5063372907911
